sex,class,passengers,survived,survival_rate,avg_age
female,First,94,91,0.9680851063829787,33.97872340425532
female,Second,76,70,0.9210526315789473,28.70394736842105
female,Third,144,72,0.5,23.572916666666668
male,First,122,45,0.36885245901639346,38.99524590163934
male,Second,108,17,0.1574074074074074,30.512314814814815
male,Third,347,47,0.13544668587896252,26.911873198847264
